ConcertID,Fullname,seatno
3245,Tucker Yakuntsov,72
9587,Conn Laverty,25
6254,Sheeree Gubbins,8
9587,Anne-corinne Lawden,71
3245,Anni Luchelli,73
6254,Tobias Poutress,74
1548,Cindi Francisco,13
9587,Trescha Brunotti,69
1548,Trevar Dancy,70
3245,Elyn Belmont,60
1548,Biron Chattington,7
1548,Ana Phythian,1
9587,Ryann Beechcraft,8
3245,Sapphire Skeech,54
1548,Lovell Kindleysides,25
6254,Bruis Reston,54
6254,Robinia Dencs,25
1548,Martyn Polkinghorne,32
3245,Ciel Piers,41
1548,Jacqui Couser,38
3245,Inge Chatelot,70
6254,Neil M'cowis,46
6254,Charil Moylan,48
6254,Tersina Decort,1
3245,Odelinda Cumbridge,38
9587,Hedda Brankley,41
6254,Agnese de Vaen,63
1548,Marice Ferrers,32
6254,Kaine Stronge,68
1548,Sonia Demko,70
9587,Kenon Dilleway,50
6254,Rubie Kupisz,26
9587,Roana Iacivelli,32
1548,Amie Popeley,7
9587,Seth Galletley,4
6254,Shina Beddon,78
3245,Ted Shephard,69
6254,Ole Gorce,64
3245,Kala Leither,46
1548,Hyacinth Wesgate,44
9587,Audra Van T'Hoog,67
9587,Eunice Penhaleurack,46
1548,Tory Joincey,14
6254,Spike Bedo,26
3245,Tiertza Van Brug,26
1548,Lon Rayment,17
1548,Phylys Humberston,32
3245,Corabella Brachell,40
3245,Erasmus Capini,25
9587,Ernst Rainon,36
3245,Babs McGaughey,12
9587,Tally Scutcheon,2
9587,Wood Golley,74
1548,Chiarra Jaggar,30
6254,Adi Keson,28
6254,Bryna Trainer,8
3245,Colline Goodsall,4
6254,Saba Botterell,64
6254,Ferne Francom,50
3245,Dido Sinkins,51
3245,Chicky Marshland,13
1548,Noella Davidsson,41
3245,Guinevere Norman,17
9587,Rasla Smales,36
1548,Gena Matusson,61
9587,Filberte Elden,32
9587,Carmine Podbury,72
6254,Sherwood Lomasny,17
9587,Faina Antoni,12
1548,Nikos McGeorge,55
6254,Dionisio Morgans,17
6254,Sharai Bailey,43
6254,Emmey Pogue,71
6254,Tore Paulo,53
6254,Kizzie Costa,47
1548,Cary Klimczak,5
6254,Niel Wycherley,71
6254,Karisa Watkin,29
6254,Wilburt Shead,76
6254,Gallard Lethbridge,65
3245,Garnette Stammers,77
9587,Gordon Blackall,7
3245,Irena Brigman,26
1548,Nelson Hubeaux,73
6254,Issi Kauschke,17
9587,Lonny Parramore,4
3245,Flin Austwick,78
1548,Nollie MacSporran,2
3245,Corella Camoletto,11
3245,Kissiah Johansson,31
6254,Clerkclaude Tonge,6
3245,Alanna Bartaletti,75
9587,Base McNalley,44
9587,Addia Clash,34
1548,Jarad Edleston,45
6254,Sherm Higgan,76
1548,Nedi Haslum,39
1548,Ly Beccera,23
1548,Riccardo Ziemsen,59
1548,Julie Rief,43
6254,Elnore Cobelli,21
1548,Jennilee Hoston,25
9587,Kamillah Doorly,38
6254,Essy Yarrell,13
3245,Pearla Seward,63
3245,Kasey Scrivinor,64
1548,Wylie Gurrado,78
9587,Kean Cawker,8
3245,Murial Sedman,44
1548,Jeffry Colvin,52
1548,Krysta Starbuck,20
3245,Ortensia Savill,55
3245,Alick Portal,31
6254,Lynn Jerrolt,13
3245,Mariele Benedito,12
6254,Roz Mewitt,23
1548,Emelia Ayto,58
1548,Rozella Canellas,15
1548,Glyn Bayman,11
6254,Corena Doneld,46
6254,Vanny Strettle,61
1548,Gisella Stollenwerck,2
9587,June Myderscough,18
1548,Nana Comiskey,40
6254,Alexine Cordle,1
1548,Roshelle Nockolds,5
6254,Rockwell McGrouther,22
6254,Nanon Tatchell,1
6254,Salomo Eliaz,76
3245,Alisa Keetch,57
3245,Shepherd Murcott,1
1548,Laverna Matczak,23
9587,Modestine Spurdle,44
9587,Myrah Mattiussi,15
9587,Jaymie Levay,31
9587,Julio Limer,69
3245,Inigo Tunsley,52
3245,Coraline McBratney,69
9587,Amble Challoner,24
6254,Graeme Richards,78
9587,Binny Ussher,50
1548,Bonny Cheverton,34
9587,Ogdon Burdess,22
1548,Burg Foucher,5
9587,Sam Pickover,14
6254,Ardath Gurling,38
6254,Guenna Stollsteiner,27
3245,Alene Younie,65
3245,Marietta Baughen,78
6254,Daisie Knapton,46
3245,Gustav Sevior,70
1548,Fifine Pickrell,38
1548,Arley Matussevich,59
9587,Stephanie Catonne,75
1548,Devin Marcam,65
1548,Zonnya Paull,27
1548,Maxine Whitnall,51
6254,Jamison Wheatman,58
9587,Honor Vaudre,14
9587,Wilden Van den Hof,9
3245,Noelani Ranaghan,45
6254,Lyon Crew,26
9587,Celie Peetermann,59
9587,Ibby Baudic,61
6254,Rey O'Regan,6
1548,Berke Mainz,56
9587,Merralee McCaw,30
1548,Giles Speller,18
6254,Pen Cream,31
9587,Celinka Jeanes,64
1548,Blaire Grinter,73
1548,Ash Matthesius,7
1548,Gizela Mingay,21
3245,Kay Sellstrom,69
1548,Christabella Croucher,75
3245,Claire Baines,48
6254,Berti Yeldham,8
6254,Ty Follin,37
6254,Fidelio Menichillo,77
1548,Christoffer Winsom,2
3245,Staford Knifton,70
1548,Marnia Manilow,44
3245,Alvera Brundle,14
6254,Jacklin Stammer,68
3245,Gan O'Hederscoll,39
1548,Mildrid Earngy,63
1548,Boigie Hubbocks,48
3245,Cherish Voss,45
3245,Alvera Saltsberger,25
9587,Lorne Bachelor,25
6254,Johann Seagrave,55
3245,Hayward Watson,20
1548,Brig MacQuaker,48
1548,Lissy Glencorse,28
1548,Fancy Hounsom,64
9587,Maxim Slucock,40
6254,Wileen Serot,68
6254,Ninnetta Pook,21
9587,Nealson Starzaker,1
1548,Fay Berk,29
6254,Abbey Jeffree,38
3245,Bil Edney,31
9587,Leif Sullivan,12
6254,Fina Hurtic,49
9587,Quinn Candy,46
3245,Mercie Bagott,35
9587,Penny Grimoldby,19
6254,Violet Korpolak,67
1548,Nanice Paris,19
9587,Fawne Immins,49
9587,Dorotea Walkey,2
3245,Michelle Ostick,68
3245,Bethanne Bullus,66
9587,Birgitta Kellogg,12
1548,Wilbert Brunton,24
1548,Fiona Stucksbury,37
1548,Upton Ducastel,10
3245,Granville Rogister,61
6254,Dav Grzes,38
9587,Colver Dowears,8
9587,Hannis Esler,45
9587,Stevie Kingsford,4
6254,Merralee Pley,36
1548,Nanny Halligan,65
6254,Pennie Juste,25
9587,Alexandr Bessett,47
1548,Raimondo Sepey,17
1548,Teddy Crosby,38
1548,Erika Goldbourn,49
1548,Uta Blakes,8
9587,Evelin Blackburn,35
3245,Gayle Atthow,5
9587,Grethel Birchett,77
3245,Jess Slesser,63
6254,Nap Gartin,48
9587,Daniela Artin,54
9587,Alethea Rivilis,1
9587,Rickert Linford,18
3245,Bronson Itschakov,6
1548,Townie Pinar,59
1548,Flossi Dew,65
1548,Mahmud Nolder,66
6254,Ariella Cuvley,41
6254,Chrissie Organer,73
3245,Angy De Freyne,14
1548,Burch McCheyne,72
6254,Nessa McGlaud,66
9587,Lucio Woan,4
1548,Marline Tindle,53
9587,Kinna O' Hanvey,71
3245,Bartholemy Job,26
9587,Gisela Clamo,25
6254,Giffard Cleveley,38
3245,Ardyth Sains,78
9587,Brendan Couronne,71
9587,Lavinia Cridland,31
6254,Naomi Shrubsall,10
9587,Caril Caught,67
3245,Davida Bloxham,50
6254,Sloane Krollman,67
1548,Atlante Stranaghan,40
6254,Obediah Pavitt,43
3245,Freddy Dadd,29
9587,Cob Bartod,40
6254,Ardeen Tremelling,19
3245,Idell Stanaway,26
9587,Christiano Pringour,52
6254,Cynthie Godfray,12
3245,Debbi Trevethan,67
9587,May Vigus,43
9587,Oberon Hinkens,46
6254,Paola Jammet,18
3245,Corie Gerish,62
6254,Kathi Wetton,73
9587,Malynda Copland,43
1548,Linus Lebarree,39
9587,Nancey Davio,9
6254,Pavla Creaney,44
6254,Alessandra Trencher,30
6254,Peter Yurinov,21
6254,Mendie Yanshonok,46
6254,Carrissa Heineke,60
9587,Gweneth Garmons,46
9587,Viviana Bisatt,49
6254,Caldwell Molohan,12
6254,Ashton Pietasch,53
1548,Craggy Prendiville,19
3245,Keslie Copas,36
1548,Lyda Hodinton,17
9587,Brietta Alder,25
6254,Mina McKirton,6
3245,Ezri Robelow,17
1548,Arlette Pridden,11
6254,Wiatt Tott,3
1548,Reinold Island,60
9587,Kizzee Howarth,14
3245,Callida MacCague,68
9587,Grace Hessle,44
3245,Estel Ransom,55
6254,Richmond Siberry,19
3245,Nanci Berzen,75
6254,Adolf Poleye,9
6254,Claude Spybey,47
1548,Winfred Minto,71
9587,Dane Morphet,4
9587,Lotti Aberkirder,66
3245,Anissa Bloomer,51
9587,Any Hackett,25
9587,Dimitry Ginity,23
6254,Borg Rollings,36
9587,Filberto Brade,72
9587,Jacynth O'Canavan,9
6254,Rolfe Buckham,45
1548,Leanor Waleran,20
9587,Zeb Joney,55
1548,Foster Pyrke,49
1548,Sylvia Lappine,26
9587,Noby Batstone,65
1548,Catie Matthisson,45
6254,Eveline Quadling,1
1548,Geralda Veale,11
3245,Daveen Kiddell,69
6254,Alana Lauritsen,12
1548,Leyla Halliburton,58
3245,Bink Allery,9
3245,Ario Drance,20
3245,Allsun Degue,11
6254,Valeda Castane,2
9587,John Cofax,40
1548,Meredeth Seargeant,18
6254,Gregoor Dunn,17
6254,Phyllys Lamblot,49
1548,Herbert Eastmond,38
1548,Nicolea Gai,23
1548,Yoshiko Hinks,33
6254,Marco Nuzzi,69
3245,Faye Meigh,51
6254,Ardenia Whiteley,44
6254,Thorndike Snaden,48
6254,Dacey Darrel,58
9587,Dione Folkard,25
1548,Priscella Severn,5
3245,Tymothy Youdell,60
3245,Hall Ramelot,31
6254,Malynda Vicent,9
3245,Lulita Guillon,22
1548,Reagan Passe,44
3245,Saba Trice,63
9587,Wilma Rowberry,72
1548,Keene Hearns,59
6254,Cyndie Muscroft,1
9587,Audy Beel,58
6254,Eleanore Cornall,70
9587,Shalne Moulden,51
3245,Hunfredo Anear,66
3245,Sunshine Scholfield,70
9587,Gard Hunting,60
9587,Anett Camois,18
1548,Betteanne McIlvoray,13
6254,Annissa Baudry,17
9587,Deina Briatt,49
6254,Jere Sowte,53
9587,Madalyn Deftie,74
9587,Maia Bore,9
3245,Stearne Castelletti,46
1548,Larry Proudman,61
1548,Tomasina Paule,47
9587,Cissiee Ianizzi,37
1548,Rose Smowton,4
6254,Rozanne Copsey,1
1548,Jefferey Hendrix,56
3245,Bree Kike,62
3245,Cecilla Golden of Ireland,15
3245,Petrina Tenniswood,58
9587,Jasun Shulem,64
9587,Annmaria Leather,20
6254,Shirley Phear,58
9587,Gordon Trengrouse,42
9587,Ira Ellse,56
6254,Elyse Lyston,22
6254,Lou Butters,69
6254,Augustina Rummin,12
1548,Edie Cyster,28
3245,Kiel Malling,18
6254,Alyse Pullman,26
9587,Merwyn Scini,5
9587,Ivy Sudworth,10
9587,Kean Firpo,67
1548,Chet Yearnes,22
1548,Marilin Mantrip,27
9587,Gregorius Hannabus,74
3245,Rozina Propper,2
6254,Nikos Baistow,29
6254,Natty Grishunin,25
1548,Spencer Cliffe,17
9587,Selinda Schooley,36
3245,Gage Causer,5
1548,Dmitri Goodsell,43
3245,Tarah Fosse,38
6254,Wanda Dunlea,54
6254,Thalia McOwen,2
3245,Susie Napoleone,66
6254,Benny Sanchiz,62
9587,Erena Cromb,33
6254,Fair Fursland,68
6254,Chandal Pawlik,73
3245,Urbanus Holwell,17
1548,Jeni Treagust,38
9587,Natty Goding,26
1548,Vilhelmina Dutteridge,71
9587,Gail Trunchion,7
9587,Gelya Traite,20
1548,Dietrich Bentke,3
1548,Adara Carrivick,3
9587,Isabelle Colerick,71
3245,Dal Kalinowsky,64
9587,Menard Mollison,15
3245,Adolph Doumenc,1
9587,Benoit Boyen,58
9587,Kate Sawers,34
6254,Ingeberg Dafter,27
1548,Lorrayne Collet,49
3245,Chas Brigden,9
3245,Tonia Mealing,55
3245,Trumann Feore,5
1548,Sylvia Turban,50
3245,Leilah Shore,59
6254,Cam Hassekl,76
1548,Ava Broske,47
3245,Corabelle Sallowaye,30
1548,Trev Timmis,16
6254,Mitzi Chrstine,11
9587,Padraic Rawsthorne,31
1548,Marina Allbrook,27
6254,Leeann Hamblyn,62
6254,Tasia Fibbens,63
1548,Kanya Caught,70
9587,Brenna Nelm,12
1548,Tammara Tracy,37
3245,Bern Bettam,67
9587,Byrle Evens,63
6254,Kerk Ong,76
3245,Enos Rosingdall,12
3245,Jacinda Kid,74
9587,Cathrin Boerderman,46
1548,Gerti Klimschak,36
6254,Danyelle Coggins,22
3245,Shelby Sturror,24
9587,Rochester Instock,38
9587,Romain Waumsley,52
3245,Katharyn Marien,43
6254,Bronson Asbery,78
6254,Griffith Monkhouse,66
6254,Gwenny Hollyar,5
9587,Averyl Steffan,20
3245,Naomi Morstatt,58
3245,Corby Peto,15
3245,Milo Attfield,13
9587,Merrel Harbage,7
9587,Alberta Otto,3
6254,Linnie Ragdale,72
6254,Aretha Ragbourne,2
9587,Moise Fraczek,60
9587,Alice Quainton,32
6254,Sidonia Sleford,40
9587,Garrard Steljes,10
3245,Oberon Roggeman,64
6254,Alonso Realff,45
3245,Millisent Robion,4
6254,Erik Alner,54
6254,Karry Mcettrick,50
1548,Aidan Cluley,31
3245,Adiana McQueen,1
1548,Inez Searjeant,56
3245,Michel Malby,23
6254,Dyane Fletcher,39
3245,Ysabel Hadwick,45
1548,Berny Leeming,1
1548,Carlen Suermeiers,57
3245,Cart Gynn,36
6254,Augie McCurlye,49
9587,Boot Morrow,12
9587,Dorian Gonnely,46
1548,Walton McConaghy,67
6254,Lelah Mellanby,44
6254,Elden Sollom,28
3245,Rodolph Ruddiforth,24
1548,Lorna Jahnig,73
3245,Elonore Galliard,22
3245,Russ Loweth,40
6254,Pete Lamberton,6
6254,Bruis Lancetter,35
3245,Elroy Larchiere,2
3245,Boigie Leggs,7
3245,Eilis Stittle,37
9587,Harlene Leonida,9
6254,Lefty Chesher,71
9587,Lacee D'Souza,17
3245,Martainn Routhorn,22
1548,Blake Rudledge,65
